name,birth_date,birth_place,death_date,death_place,nationality,occupation,years_active,known_for,awards,alma_mater,education,employer,notable_works,field,spouse,children,parents,religion,genre
Isaac Newton,{{Birth date|df=y|1643|01|04}},"{{nowrap|[[Woolsthorpe-by-Colsterworth]],}} Lincolnshire, England",{{Death date and age|df=y|1727|03|31|1643|01|04}},"[[Kensington]], Middlesex, England",,,,{{collapsible list|[[Classical mechanics|Newtonian mechanics]]| [[universal gravitation]]| [[calculus]]| [[Newton's laws of motion]]| [[optics]]| [[binomial series]]| ''[[Philosophiæ Naturalis Principia Mathematica|Principia]]''| [[Newton's method]] | [[Newton's law of cooling]]| [[Newton's identities]]| [[Newton's metal]]| [[Newton line]]| [[Newton–Gauss line]]| [[Newtonian fluid]]| [[Newton's rings]]|''[[Standing on the shoulders of giants]]'' |[[List of things named after Isaac Newton|List of all other works and concepts]]|}},"{{unbulleted list | [[Fellow of the Royal Society|FRS]]&nbsp;(1672)<ref name=""frs"">{{cite web |title=Fellows of the Royal Society |url=https://royalsociety.org/about-us/fellowship/fellows |archive-url=https://web.archive.org/web/20150316060617/https://royalsociety.org/about-us/fellowship/fellows |archive-date=16 March 2015 |publisher=Royal Society |location=London}}</ref> | [[Knight Bachelor]]&nbsp;(1705)}}",,"[[Trinity College, Cambridge]] ([[Bachelor of Arts|BA]], 1665; [[Master of Arts|MA]], 1668)<ref>Kevin C. Knox, Richard Noakes (eds.), ''From Newton to Hawking: A History of Cambridge University's Lucasian Professors of Mathematics'', Cambridge University Press, 2003, p.&nbsp;61.</ref>",,,,,,,,
Marie Curie,{{birth date|df=y|1867|11|7}},"[[Warsaw]], [[Congress Poland|Poland]], Russian Empire",{{death date and age|df=y|1934|7|4|1867|11|7}},"[[Passy, Haute-Savoie|Passy]], [[Rhône-Alpes]], France",,,,{{plainlist| * Discovering [[polonium]] and [[radium]] * Researching [[radioactivity]] }},,[[University of Paris]],,,,,,,,,
Albert Einstein,{{Birth date|df=yes|1879|3|14}},"[[Ulm]], [[Kingdom of Württemberg]], Germany<ref group=note name=GEcitizen/>",{{Death date and age|df=yes|1955|4|18|1879|3|14}},"[[Princeton, New Jersey]], U.S.",,,,,,,,,,,"{{plainlist| * {{marriage|[[Mileva Marić]]|1903|1919|end=divorced}} * {{marriage|[[Elsa Löwenthal]]|1919|1936|end=died<!--<ref name=""66xNO"" />{{sfnp|Pais|1982|p=301}} -->}}}}","{{flatlist| * [[Lieserl Einstein|Lieserl]] * [[Hans Albert Einstein|Hans Albert]] * [[Einstein family#Eduard ""Tete"" Einstein (Albert's second son)|Eduard ""Tete""]]}}",,,
The Countess of Lovelace,{{birth date|df=y|1815|12|10}},"London, England",{{death date and age|df=y|1852|11|27|1815|12|10}},"[[Marylebone]], London, England",British,,,,,,,,,,"{{marriage|[[William King-Noel, 1st Earl of Lovelace]]|1835}}","{{plainlist| * [[Byron King-Noel, Viscount Ockham]] * [[Anne Blunt, 15th Baroness Wentworth]] * [[Ralph King-Milbanke, 2nd Earl of Lovelace]]}}","{{Plainlist | * [[Lord Byron|George Byron, 6th Baron Byron]] (father) * [[Lady Byron|Anne Isabella Milbanke]] (mother) }}",,
Leonardo da Vinci,{{birth date|df=yes|1452|04|15}},"possibly [[Anchiano]],{{efn|name=Birthplace}} [[Vinci, Tuscany|Vinci]], {{awrap|[[Republic of Florence]]}}",{{death date and age|df=yes|1519|5|2|1452|4|15}},"[[Clos Lucé]], [[Amboise]], {{awrap|[[Kingdom of France]]}}",,,{{circa|1470–1519}},{{hlist|Painting|drawing|engineering|anatomical studies|hydrology|botany|optics|geology}},,,Studio of [[Andrea del Verrocchio]],,{{plainlist| * ''[[Virgin of the Rocks]]'' ({{circa|1483–1493}}) * ''[[Lady with an Ermine]]'' ({{circa|1489–1491|lk=no}}) * ''[[Vitruvian Man|The Vitruvian Man]]'' ({{circa|1490|lk=no}}) * ''[[The Last Supper (Leonardo)|The Last Supper]]'' ({{circa|1495–1498|lk=no}}) * ''[[Mona Lisa]]'' ({{circa|1503–1516|lk=no}})}},,,,,,
Galileo Galilei,{{birth date|1564|02|15|df=y}}{{sfn|Drake|1978|p=1}},"[[Pisa]], Duchy of Florence",{{death date and age|1642|01|08|1564|02|15|df=y}},"[[Arcetri]], Grand Duchy of Tuscany",,,,{{hlist|[[Analytical dynamics]]|[[heliocentrism]]|[[kinematics]]|[[observational astronomy]]}},,,"[[University of Pisa]] <!-- This field is for the university name. Please do not put a degree here,  -->",,,{{hlist|[[Astronomy]]|[[physics]]|[[engineering]]|[[natural philosophy]]|[[mathematics]]}},,,,,
Nikola Tesla,{{birth date|1856|7|10|df=y}},"[[Smiljan, Croatia|Smiljan]], [[Austrian Empire]] <br /> (now in [[Croatia]])<!-- There is consensus against adding [[Croatian Military Frontier]] here -->",{{death date and age|1943|1|7|1856|7|10|df=y}},"[[New York City]], U.S.",,{{hlist|Engineer|[[futurist]]|inventor}},,,{{ubil,[[Graz University of Technology]] (dropped out),,,,,,,,,
Charles Darwin,{{birth date|df=y|1809|2|12}},"[[Shrewsbury]], Shropshire, England",{{death date and age|1882|df=y|4|19|1809|2|12}},"[[Down House]], Down, Kent, England<!--Letter no. 3368 footnote; ""spelling of the village name was variable. 'Down' was the commonest form up to the 1870s, and 'Downe' thereafter"", and it was in Kent until 1965, (now in [[Greater London]])-->",,,,,,,"{{ubli| [[University of Edinburgh]]| [[Christ's College, Cambridge]] ([[Bachelor of Arts|BA]], [[Master of Arts|MA]])<ref>{{cite news|url=https://www.telegraph.co.uk/news/uknews/5032354/Charles-Darwins-personal-finances-revealed-in-new-find.html|archive-url=https://web.archive.org/web/20171019230458/http://www.telegraph.co.uk/news/uknews/5032354/Charles-Darwins-personal-finances-revealed-in-new-find.html|url-status=dead|title=Charles Darwin's personal finances revealed in new find|date=22 March 2009|archive-date=19 October 2017|work=The Telegraph }}",,,,,,,,
Thomas Edison,{{Birth date|1847|2|11}},"[[Milan, Ohio]], U.S.",{{Death date and age|1931|10|18|1847|2|11}},"[[West Orange, New Jersey]], U.S.",,{{hlist|Inventor|businessman}},1877–1930,"[[Phonograph]], [[Electric light]], [[Electric power distribution]], [[Film|Early motion pictures]], ''[[List of Edison patents|see list]]''",{{collapsible list,,Self-educated; some coursework at [[Cooper Union]],,,,{{ublist,"6, including [[Madeleine Edison|Madeleine]], [[Charles Edison|Charles]], and [[Theodore Miller Edison|Theodore]]",,,
Aristotle,384 BC,"[[Stagira (ancient city)|Stagira]], [[Chalcidian League]]",{{nowrap|322 BC (aged 61–62)}},"[[Chalcis]], [[Euboea]], [[Macedonian Empire]]",,,,,,,[[Platonic Academy]],,,,,,,,
Plato,428/427 or 424/423 BC,[[Classical Athens|Athens]],348/347 BC (aged 75-80),Athens,,,,,,,,,{{Flatlist}} * ''[[Euthyphro]]'' * ''[[Apology (Plato)|Apology]]'' * ''[[Crito]]'' * ''[[Phaedo]]'' * ''[[Meno]]'' * ''[[Protagoras (dialogue)|Protagoras]]'' * ''[[Gorgias (dialogue)|Gorgias]]'' * ''[[Symposium (Plato)|Symposium]]'' * ''[[Phaedrus (dialogue)|Phaedrus]]'' * ''[[Parmenides (dialogue)|Parmenides]]'' * ''[[Theaetetus (dialogue)|Theaetetus]]'' * ''[[Republic (Plato)|Republic]]'' * ''[[Timaeus (dialogue)|Timaeus]]'' * ''[[Laws (dialogue)|Laws]]'' {{Endflatlist}},,,,,,
Socrates,{{circa|470}} BC <!--PLEASE SEE TALK ARCHIVE #! BEFORE CHANGING DATE-->,"[[Deme]] [[Alopece]], [[Classical Athens|Athens]]",399 BC (aged {{approx.|71}}) <!--PLEASE SEE TALK ARCHIVE #! BEFORE CHANGING DATE-->,Athens,,,,,,,,,,,"[[Xanthippe]], [[Myrto]] (disputed)",,,,
Johannes Kepler,{{birth date|df=y|1571|12|27}},"[[Weil der Stadt|Free Imperial City of Weil der Stadt]], Holy Roman Empire",{{Death date and age|df=yes|1630|11|15|1571|12|27}},"[[Regensburg|Free Imperial City of Regensburg]], Holy Roman Empire",,,,{{Plain list| * [[Kepler's laws of planetary motion]] * [[Kepler conjecture]] * [[Kepler's equation]] * ''[[Rudolphine Tables]]'' }},,,"[[Tübinger Stift]], [[University of Tübingen]] ([[Master of Arts|MA]])<ref>{{cite SEP |last=Liscia |first=Daniel A. Di |title=Johannes Kepler |url-id=kepler}}</ref>",,,{{hlist|[[astronomy]]|[[astrology]]|[[mathematics]]|[[natural philosophy]]}},,,,,
Alan Turing,{{Birth date|df=y|1912|6|23}},"[[Maida Vale]], London, England",{{Death date and age|df=y|1954|6|7|1912|6|23}},"{{Nowrap|[[Wilmslow]], Cheshire, England}}",,,,,,"{{Indented plainlist| * {{nowrap|[[University of Cambridge]] <!--[[King's College, Cambridge]] doesn't award degrees--> ([[Master of Arts (Oxford, Cambridge, and Dublin)|MA]])}} * [[Princeton University]] ([[PhD]]) }}",,,,,,,,,
Stephen Hawking,{{Birth date|df=y|1942|01|08}},"[[Oxford]], England",{{Death date and age|df=y|2018|03|14|1942|01|08}},"[[Cambridge]], England",,,,{{clist,{{clist,,{{ubl,,,,{{ubl,"3, including [[Lucy Hawking|Lucy]]",,,
Carl Sagan,{{Birth date|1934|11|9}},"New York City, U.S.",{{Death date and age|1996|12|20|1934|11|9}},"[[Seattle]], Washington, U.S.",,,,,,,"[[University of Chicago]] ([[Bachelor of Arts|BA]], [[Bachelor of Science|BS]], [[Master of Science|MS]], [[PhD]])",,,{{flatlist| * [[Astronomy]] * [[astrophysics]] * [[cosmology]] * [[astrobiology]] * [[space science]] * [[planetary science]] }},,,,,
Benjamin Franklin,"{{OldStyleDateDY|January 17,|1706|January 6}}{{refn|group=Note|name=birthdate}}","[[Boston]], [[Province of Massachusetts Bay]], [[British America]]",{{death date and age|1790|4|17|1706|1|17}},"[[Philadelphia]], Pennsylvania, U.S.",,,,,,,[[Boston Latin School]] }},,,,"{{marriage|[[Deborah Read]]|September 1, 1730|1774|reason=died}}",{{hlist|[[William Franklin|William]]|[[Francis Folger Franklin|Francis]]|[[Sarah Franklin Bache|Sarah]]}},{{ubl|[[Josiah Franklin]]|[[Abiah Folger]]}},,
James Clerk Maxwell,{{birth date|df=yes|1831|6|13}},"[[Edinburgh]], Scotland",{{death date and age|df=yes|1879|11|5|1831|6|13}},"[[Cambridge]], England",,,,{{collapsible list|title={{nobold|''See list''}}|{{ubl|[[Maxwell's equations]]|[[Statistical mechanics]]|[[Displacement current]]|[[Maxwell relations]]|[[Betti's theorem|Maxwell–Betti theorem]]|[[Maxwell–Boltzmann distribution]]|[[Maxwell–Boltzmann statistics]]|[[Maxwell–Stefan diffusion]]|[[Maxwell's demon]]|[[Maxwell construction]]|[[Kinematic coupling#Maxwell coupling|Maxwell coupling]]|[[Kinetic theory of gases]]|[[Maxwell's discs]]|[[Maxwell speed distribution]]|[[Stress functions#Maxwell stress functions|Maxwell stress functions]]|[[Maxwell's theorem]]|[[Maxwell's theorem (geometry)]]|[[Maxwell material]]|[[von Mises yield criterion|Maxwell–Huber–Hencky–von Mises theory]]|[[Maxwell–Wagner–Sillars polarization]]|[[Maxwell bridge]]|[[Maxwell coil]]|[[Luneburg lens#Maxwell's fish-eye lens|Maxwell's fish-eye lens]]|[[Fovea centralis#Entoptic effects in the fovea|Maxwell's spot]]|[[Additive color|Maxwell's wheel]]|[[Maxwell's thermodynamic surface]]|[[Rings of Saturn]]|[[Control theory]]|[[Coherence (units of measurement)|Coherent system of units]]|[[Chaos theory]]|[[Dimensional analysis]]|[[Generalized conic]]|[[Singularity (system theory)|Singularity]]|[[Structural rigidity]]}}}},{{ubl|[[Smith's Prize]] (1854) |[[Adams Prize]] (1857) |[[Rumford Medal]] (1860)|[[Fellow of the Royal Society|FRS]] (1861)|[[Royal Society Bakerian Medal|Bakerian Medal]] (1866)|[[Keith Medal]] (1869–1871)}},"{{ubl|[[University of Edinburgh]]|[[Peterhouse, Cambridge]]|[[Trinity College, Cambridge]]}}",,,,,{{marriage|[[Katherine Clerk Maxwell|Katherine Dewar]]|1858}},,,,
Dmitri Mendeleev,{{birth date|df=y|1834|2|8}},"Verkhnie Aremzyani, Russia",{{death date and age|df=y|1907|2|2|1834|2|8}},"Saint Petersburg, Russia",,,,"{{ubl|Predicting [[gallium]], [[germanium]] and [[scandium]]|[[Periodic table]]|[[Periodic trends]]}}",{{ubl|[[Davy Medal]] (1882)|[[Faraday Lectureship Prize]] (1889)|[[Fellow of the Royal Society#Foreign member|ForMemRS]]<ref name=formemrs /> (1892)|[[Copley Medal]] (1905)}},[[Saint Petersburg Imperial University]],,,,,,,,,
Gregor Mendel,{{birth date|df=yes|1822|7|20}},"[[Heinzendorf bei Odrau]], [[Austrian Silesia|Silesia]], [[Austrian Empire]]",{{death date and age|df=yes|1884|1|6|1822|7|20}},"[[Brno]], [[Margraviate of Moravia|Moravia]], [[Austria-Hungary]]",[[Austrian Empire|Austrian]],,,Founder of the modern science of [[genetics]],,,[[University of Olmütz]]<br />[[University of Vienna]],,,[[Genetics]],,,,[[Christianity]],
Louis Pasteur,{{birth date|1822|12|27|df=y}},"[[Dole, Jura|Dole]], France",{{death date and age|1895|9|28|1822|12|27|df=y}},"[[Marnes-la-Coquette]], France",,,,,,,{{ublist|[[École normale supérieure]]|[[University of Paris]]|[[Conservatoire national des arts et métiers]]}},,,,{{marriage|[[Marie Laurent]]|1849}},5,,,
Sir Alexander Fleming,{{birth date|1881|8|6|df=y}},"[[Darvel]], Ayrshire, Scotland",{{Death date and age|1955|3|11|1881|8|6|df=y}},"London, England",,,,,,,,,,,,,,,
Michael Faraday,{{Birth date|1791|09|22|df=yes}},"[[Newington Butts]], [[Surrey]], England",{{Death date and age|1867|08|25|1791|09|22|df=yes}},"[[Hampton, London|Hampton]], [[Middlesex]], England",,,,{{Plain list| * Inventing the [[homopolar motor]] (1821) * Discovering [[benzene]] (1825) * Discovering [[electromagnetic induction]] (1831) * [[Faraday's laws of electrolysis]] (1833) * [[Faraday's ice pail experiment]] (1843) * [[Faraday effect]] (1845) }},,,,,,,,,,,
Johann Wolfgang von Goethe,{{birth date|1749|8|28|df=y}},"[[Free Imperial City of Frankfurt|Frankfurt]], Holy Roman Empire",{{death date and age|1832|3|22|1749|8|28|df=y}},"[[Weimar]], Saxe-Weimar-Eisenach",,,,,,[[University of Strasbourg]] ([[Licentiate (degree)|Lic.]]),[[Leipzig University]],,,,{{marriage|[[Christiane Vulpius]]|1806|1816|end=died}},"5, including [[August von Goethe|August]]",{{ubl | [[Johann Caspar Goethe]] | [[Catharina Elisabeth Goethe|Catharina Elisabeth Textor]]}},,
Sigmund Freud,{{birth date|1856|5|6|df=y}},"[[Freiberg in Mähren]], Austrian Empire",{{death date and age|1939|9|23|1856|5|6|df=y}},"[[Hampstead]], London, England",,,,,,,,,,,,,,,
Max Planck,{{Birth date|1858|04|23|df=yes}},"[[Kiel]], [[Duchy of Holstein]], [[German Confederation]]",{{Death date and age|1947|10|04|1858|04|23|df=yes}},"[[Göttingen]], [[British occupation zone in Germany|British zone]], [[Allied-occupied Germany]]",,,,,,{{Plain list| * {{Nowrap|[[Ludwig Maximilian University of Munich|University of Munich]] ([[Doctor of Philosophy|Dr. phil.]])}} * [[Humboldt University of Berlin|University of Berlin]] ([[Habilitation|Dr. habil.]]) }},,,,,,,,,
Niels Bohr,{{Birth date|1885|10|07|df=yes}},"[[Copenhagen]], Denmark",{{Death date and age|1962|11|18|1885|10|07|df=yes}},"Copenhagen, Denmark",,,,{{Plain list| * [[Bohr model]] * [[BKS theory]] * [[Bohr–Van Leeuwen theorem]] * [[Complementarity (physics)|Complementarity]] * [[Correspondence principle]] }},,[[University of Copenhagen]] ([[Doctor of Philosophy|PhD]]),,,,,,,,,
Rosalind Franklin,{{birth date|1920|7|25|df=yes}},"[[Notting Hill]], London, England",{{death date and age|1958|4|16|1920|7|25|df=y}},"[[Chelsea, London|Chelsea]], London, England <!--| resting_place     = [[Willesden United Synagogue Cemetery]]",,,,{{ubl|[[Structure of DNA]]|Fine structure of coal and [[graphite]]|Structures of viruses}} }},,,"[[Newnham College, Cambridge]]<br />[[University of Cambridge]] ([[PhD]])",,,,,,,,
Rachel Carson,{{birth date|1907|05|27|mf=y}},"[[Springdale, Pennsylvania]], U.S.",{{death date and age|1964|04|14|1907|05|27|mf=y}},"[[Silver Spring, Maryland]], U.S.<ref name=""lkwdpl"" />",,"[[Marine biologist]], author and environmentalist",,,,[[Chatham University]] ([[Bachelor of Arts|BA]])<br />[[Johns Hopkins University]] ([[Master of Science|MS]]),,,,,,,,,[[Nature writing]]
Marie Stopes,{{birth date|1880|10|15|df=y}},"{{Nowrap|[[Edinburgh]], Scotland}}",{{death date and age|1958|10|2|1880|10|15|df=y}},"[[Dorking]], Surrey, England",,,,[[birth control|Family planning]] and [[eugenics]],,,"{{Plainlist| * [[University College London|University of London]] (BSc, DSc) * [[University of Munich]] (PhD)}}",,,[[Palaeobotany]],{{Plainlist| * {{marriage|[[Reginald Ruggles Gates]]|1911|1914|reason=annulled}} * {{marriage|[[Humphrey Verdon Roe]]|1918|1935|reason=divorced}} }},,,,
Hypatia,{{circa}} 350–370 AD,"[[Alexandria]], Province of Egypt, Eastern Roman Empire","March 415 AD (aged 45–65)<ref name=""MacTutorMath""/>","Alexandria, Province of Egypt, Eastern Roman Empire",,,,,,,,,,,,,,,
Emmy Noether,{{birth date|1882|03|23|df=y}},"[[Erlangen]], Kingdom of Bavaria, German Empire",{{death date and age|1935|04|14|1882|03|23|df=y}},"[[Bryn Mawr, Pennsylvania]], US",,,,,,[[University of Erlangen–Nuremberg]] ([[PhD]])<br>[[University of Göttingen]] ([[Habilitation|Hab.]]),,,,,,,,,
Grace Hopper,{{birth date|1906|12|9}},"[[New York City]], [[New York (state)|New York]], U.S.",{{death date and age|1992|1|1|1906|12|9}},"[[Arlington County, Virginia]], U.S.",,,,{{plainlist| * [[FLOW-MATIC]] * [[COBOL]]}}}} }},{{plainlist| * [[Defense Distinguished Service Medal]] * [[Legion of Merit]] * [[Meritorious Service Medal (USA)|Meritorious Service Medal]] * [[American Campaign Medal]] * [[World War II Victory Medal]] * [[National Defense Service Medal]] * [[Armed Forces Reserve Medal]] with two [[Hourglass Device]]s * [[Naval Reserve Medal]] * [[Presidential Medal of Freedom]] (posthumous)}},,"[[Vassar College]] ([[Bachelor of Arts|BA]])<br>[[Yale University]] ([[Master of Science|MS]], [[Doctor of Philosophy|PhD]])",,,,{{marriage|Vincent Hopper|1930|1945|end=div}},,,,
Chien-Shiung Wu,{{birth date|1912|5|31|mf=yes}},"[[Liuhe, Taicang]], [[Jiangsu]], China",{{Death date and age|1997|2|16|1912|5|31|mf=yes}},"[[New York City]], U.S.",,,,{{plainlist| * [[Manhattan Project]] * [[Nuclear fission]] * [[Wu experiment]] * [[Parity violation]] * [[Beta decay]] * [[Quantum entanglement]] }},{{plainlist| * [[Comstock Prize in Physics]] (1964) * [[Tom W. Bonner Prize|Bonner Prize]] (1975) * [[National Medal of Science]] (1975) * [[Wolf Prize in Physics]] (1978) }},,"{{ublist | [[National Central University]] ([[Bachelor of Science|BS]])| [[University of California, Berkeley]] ([[PhD]])}}",,,[[Physics]],{{marriage|[[Luke Chia-Liu Yuan]]|1942}},Vincent Yuan ({{lang-zh|t=袁緯承|labels=no}}),,,
Lise Meitner,{{Birth date|1878|11|07|df=yes}},"[[Vienna]], Austria-Hungary",{{Death date and age|1968|10|27|1878|11|07|df=yes}},"[[Cambridge]], England",,,,,,,,,,,,,,,
Jane Goodall,{{Birth date|1934|4|3|df=y}},"London, England",{{Death date and age|2025|10|1|1934|4|3|df=y}},"Los Angeles, California,<!--Links not needed per MOS:OVERLINK--> US",,,,,,,,,,,{{plainlist| * {{marriage|[[Hugo van Lawick]]|28 March 1964|1974|end=div}} * {{marriage|Derek Bryceson|1975|1980|end=died}} }},,,,
Margaret Mead,{{Birth date|1901|12|16}},"[[Philadelphia]], [[Pennsylvania]], U.S.",{{Death date and age|1978|11|15|1901|12|16}},"New York City, U.S.",,[[Anthropologist]],,,"{{Plainlist | * [[Kalinga Prize]] (1970) * [[Presidential Medal of Freedom]] (1979, posthumous)}}",,"{{Plainlist| * [[DePauw University]] * [[Barnard College]] ([[Bachelor of Arts|BA]])<br />[[Columbia University]] ([[Master of Arts|MA]], [[Doctor of Philosophy|PhD]])}}",,,,{{Plainlist| * {{Marriage|[[Luther Cressman]]|1923|1928|end=div.}} * {{Marriage|[[Reo Fortune]]|1928|1935|end=div.}} * {{Marriage|[[Gregory Bateson]]|1936|1950|end=div.}}}},[[Mary Catherine Bateson]],,,
Carl Linnaeus,"{{Birth date|df=yes|1707|5|23}}<ref group=note name=birthdate>Carl Linnaeus was born in 1707 on 13 May ([[Swedish calendar]]) or 23 May according to the [[Gregorian calendar]]. According to the [[Julian calendar]] he was born on 12 May. (Blunt 2004, p. 12)</ref>","[[Råshult]], Sweden",{{Death date and age|df=yes|1778|1|10|1707|5|23}},"[[Linnaeus' Hammarby|Hammarby]], Sweden",,,,,,,,,,,{{marriage|[[Sara Elisabeth Moræa]]|1739}},7,,,
Alfred Nobel,{{Birth date|1833|10|21|df=yes}},"[[Stockholm]], Sweden",{{Death date and age|1896|12|10|1833|10|21|df=yes}},"[[Sanremo]], Italy",,{{hlist|Chemist|Engineer|Inventor|Businessman}},,{{Plain list| * Inventing [[dynamite]] (1866) * Establishing the [[Nobel Prize]]s }},,,,,,,,,,,
Andrei Sakharov,{{birth date|1921|5|21|df=yes}},"Moscow, Russian SFSR",{{death date and age|1989|12|14|1921|5|21|df=yes}},"Moscow, Soviet Union",,,,{{unbulleted list |[[Soviet atomic bomb project#RDS-37|RDS-37]] |[[Soviet nuclear program]] | [[Tsar Bomba]] | [[Explosively pumped flux compression generator]]| [[Electromagnetic pulse]] |[[Tokamak]] |[[Muon-catalyzed fusion]]|[[Baryogenesis#Sakharov conditions|Sakharov conditions]]| [[Induced gravity]]|[[Proton decay]]|[[Dissident|Dissidence]]|[[Human rights defender|Human rights activism]]| [[Sakharov Prize]]}},,{{unbulleted list |[[Moscow State University]] |[[Lebedev Physical Institute]]}},,,,[[Physics]],{{ubl|Klavdia Vikhireva (1943–1969; her death)|[[Yelena Bonner]] (1972–1989; his death)}},,,,
Richard Feynman,{{birth date|1918|5|11|mf=y}},"New York City,<!--Links not needed per MOS:OVERLINK--> U.S.",{{death date and age|1988|2|15|1918|5|11|mf=y}},"Los Angeles, California,<!--Links not needed per MOS:OVERLINK--> U.S.",,,,,,,,,,,,,,,
Werner Heisenberg,{{birth date|df=y|1901|12|5}},"[[Würzburg]], [[Kingdom of Bavaria]], [[German Empire]]",{{death date and age|df=y|1976|2|1|1901|12|5}},"[[Munich]], [[Bavaria]], [[West Germany]]",,,,{{collapsible list|title={{nobold|''See list''}},,[[University of Munich]]<br>[[University of Göttingen]],,,,,,,,,
Erwin Schrödinger,{{Birth date|1887|8|12|df=yes}},"[[Vienna]], [[Austria-Hungary]]",{{Death date and age|1961|01|04|1887|08|12|df=yes}},"Vienna, Austria",,,,,,,,,,,,,,,
Niels Henrik Abel,{{birth date|1802|8|5|df=y}},"[[Nedstrand]], Denmark–Norway",{{death date and age|1829|4|6|1802|8|5|df=y}},"[[Froland]], Norway",,,,[[Abel's binomial theorem]]<br/>[[Abelian category]]<br/>[[Abel equation]]<br/>[[Abel equation of the first kind]]<br/>[[Abelian extension]]<br/>[[Abel function]]<br/>[[Abelian group]]<br/>[[Abel's identity]]<br/>[[Abel's inequality]]<br/>[[Abel's irreducibility theorem]]<br/>[[Abel–Jacobi map]]<br/>[[Abel–Plana formula]]<br/>[[Abel–Ruffini theorem]]<br/>[[Abel sum|Abelian means]]<br/>[[Abel's summation formula]]<br/>[[Abelian and tauberian theorems]]<br/>[[Abel's test]]<br/>[[Abel's theorem]]<br/>[[Abel transform]]<br/>[[Abel transformation]]<br/>[[Abelian variety]]<br/>[[Abelian variety of CM-type]]<br/>[[Dual abelian variety]],,"[[University of Oslo|Royal Frederick University]] (BA, 1822)",,,,[[Mathematics]],,,,,
Kurt Gödel,{{birth date|1906|4|28}},"[[Brünn]], Austria-Hungary (now Brno, Czech Republic)",{{death date and age|1978|1|14|1906|4|28}},"[[Princeton, New Jersey]], U.S.",,,,{{collapsible list,,,"[[University of Vienna]] ([[Dr. Phil.]], 1930)",,,"[[Mathematics]], [[mathematical logic]], [[physics]]",,,,,
John von Neumann,{{birth date|mf=yes|1903|12|28}},"[[Budapest]], Kingdom of Hungary, Austria-Hungary",{{death date and age|mf=yes|1957|2|8|1903|12|28}},"[[Washington, D.C.]], U.S.",,,,,,{{ubl|[[Eötvös Loránd University|Pázmány Péter University]]|[[Humboldt University of Berlin|University of Berlin]]|[[ETH Zurich|ETH Zürich]]}},,,,,,,,,
Florence Nightingale,{{birth date|1820|5|12|df=y}},"[[Florence]], [[Grand Duchy of Tuscany]]",{{death date and age|1910|8|13|1820|5|12|df=y}},"[[Mayfair]], London, England",British,,,,,,,,,,,,,,
Mary Anning,{{birth date|1799|05|21|df=yes}},"[[Lyme Regis]], Dorset, England",{{death date and age|1847|03|09|1799|05|21|df=yes}},Lyme Regis,,{{hlist|[[Fossil collector]]|[[palaeontologist]]}},,,}},,,,,,,,,,
Catherine the Great,{{Birth date|df=y|1729|05|02}},"[[Stettin]], Prussia",{{Death date and age|df=y|1796|11|17|1729|05|02}},"[[Winter Palace]], Saint Petersburg, Russia",,,,,,,,,,,{{marriage|[[Peter III of Russia]]|21 August 1745|17 July 1762|end=died}},,,,
Cleopatra,Early 69&nbsp;BC or late 70&nbsp;BC,"[[Alexandria]], Ptolemaic Kingdom","10 or 12 August 30&nbsp;BC (aged&nbsp;39)<ref group=""note"" name=""date of Cleopatra's death"">Cleopatra almost certainly died on the 17th day of the Egyptian month [[Mesore]], which corresponds to 10 August in the older [[Roman calendar]], and 12 August in the [[Julian calendar]]. See {{harvtxt|Skeat|1953|pp=98–100}}.</ref>","Alexandria, Ptolemaic Kingdom",,,,,,,,,,,,{{unbulleted list|[[Caesarion]]|[[Alexander Helios]]|[[Cleopatra Selene II]]|[[Ptolemy Philadelphus (son of Cleopatra)|Ptolemy Philadelphus]]}},,,
Victoria,{{Birth date|1819|05|24|df=y}},"[[Kensington Palace]], London, England",{{Death date and age|1901|01|22|1819|05|24|df=yes}},"[[Osborne House]], [[Isle of Wight]], England",,,,,,,,,,,{{Marriage|[[Prince Albert of Saxe-Coburg and Gotha]]|10 February 1840|14 December 1861|reason=died}},,,"[[Protestantism in the United Kingdom|Protestant]]{{Efn|As monarch, Victoria was [[Supreme Governor of the Church of England]]. She was also aligned with the [[Church of Scotland]].|group=fn}}",
Joan of Arc,{{circa|1412}},"[[Domrémy-la-Pucelle|Domrémy]], Duchy of Bar, Kingdom of France",30 May 1431 (aged {{Approx.|19}}),"[[Rouen]], Anglo-French Kingdom",,,,,,,,,,,,,,,
Elizabeth I,7 September 1533,"[[Palace of Placentia]], Greenwich, England",24 March 1603 (aged 69),"[[Richmond Palace]], Surrey, England",,,,,,,,,,,,,,[[Anglicanism]] }},
Marie Antoinette,{{birth date|df=yes|1755|11|2}},"[[Hofburg]], Vienna, Austria",{{death date and age|df=yes|1793|10|16|1755|11|2}},"[[Place de la Révolution]], Paris, France",,,,,,,,,,,{{Marriage|[[Louis XVI]]|19 April 1770|21 January 1793|end=d}},,,[[Roman Catholicism]] }},
Simone de Beauvoir,{{Birth date|1908|1|9|df=yes}},"Paris, France",{{Death date and age|1986|4|14|1908|1|9|df=yes}},"Paris, France",,,,,,,"{{plainlist| * [[University of Paris]] ([[Bachelor of Arts|BA]], [[Master of Arts|MA]]) * [[École Normale Supérieure|ENS]] ([[audit student]]) }}",,,,,,,,
Virginia Woolf,{{birth date|df=y|1882|1|25}},"[[South Kensington]], London, England",{{death date and age|df=y|1941|3|28|1882|1|25}},"[[River Ouse, Sussex|River Ouse]], East Sussex, England",,{{hlist|Novelist|essayist|publisher|critic}},,,,[[King's College London]],,,,,{{marriage|[[Leonard Woolf]]|10 August 1912}},,{{ubl|[[Leslie Stephen]]|[[Julia Stephen|Julia Prinsep Jackson]]}},,
Frida Kahlo,,"[[Coyoacán]], Mexico",{{Death date and age|df=yes|1954|7|13|1907|7|6}},"Mexico City, Mexico",,,,,,,,,,,{{plainlist| * {{marriage|[[Diego Rivera]]|1929|1939|end=div}} * {{marriage||1940}} }},,,,
Georgia O'Keeffe,{{birth date|1887|11|15|mf=y}},"[[Sun Prairie (town), Wisconsin|Sun Prairie, Wisconsin]], U.S.",{{death date and age|1986|3|6|1887|11|15|mf=y}},"[[Santa Fe, New Mexico]], U.S.",,,,,[[National Medal of Arts]] (1985)<br />[[Presidential Medal of Freedom]] (1977)<br />[[Edward MacDowell Medal]] (1972),,"[[School of the Art Institute of Chicago]]<br />[[Columbia College (South Carolina)|Columbia College]]<br />[[Teachers College, Columbia University]]<br />[[University of Virginia]]<br />[[Art Students League of New York]]",,,"Visual arts: painting, sculpture, photography","{{marriage|[[Alfred Stieglitz]]|1924|July 13, 1946|end=his death}}",,,,
Amelia Earhart,{{birth date|1897|07|24}},"[[Atchison, Kansas]], U.S.",,,,{{flatlist| * Aviator * author }},,,,,,,,,,,,,
Harriet Tubman,{{circa|March 1822}}{{sfn|Larson|2004|p=16}},"[[Dorchester County, Maryland]], U.S.<!-- As per WP:LINKDIRECT and Template:infobox person, birth/death place indicates city, state, then country. No need to spell out ""United States; 'U.S.' is fine. -->",{{BirthDeathAge| |1822|3| |1913|3|10}},"[[Auburn, New York]], U.S.",,{{hlist|Civil War [[Reconnaissance|scout]]|[[American Civil War spies#Union Spying|spy]]|nurse|suffragist|civil rights activist}},,Guiding enslaved people to freedom,,,,,,,{{plainlist| * {{marriage|[[John Tubman]]|1844|1851|end=divorced}} * {{marriage|[[Nelson Charles Davis|Nelson Davis]]|1869|1888|end=his death}} }},,,,
Sojourner Truth,{{Circa|1797}},"[[Swartekill, New York]], U.S.",{{Death date and given age|1883|11|26|86|mf=y}},"[[Battle Creek, Michigan]], U.S.",,"[[Abolitionism in the United States|Abolitionist]], [[human rights activists|human rights activist]]",,,,,,,,,,,,,
Malala Yousafzai,{{birth date and age|df=yes|1997|7|12}},"[[Mingora]], Swat, Pakistan<ref name=whoswho>{{Who's Who | author=Anon| title=Yousafzai, Malala | id=U282567 | year=2019 | doi=10.1093/ww/9780199540884.013.U282567| edition=online [[Oxford University Press]]|location=Oxford}}</ref>",,,,Activist for [[female education]]<!-- no longer a student-->,,,,,"[[Lady Margaret Hall, Oxford]] ([[Bachelor of Arts|BA]])",,,,{{marriage|Asser Malik|2021}}<ref>{{cite web |title=Malala Yousafzai announces her marriage on Twitter |url=https://www.cbc.ca/news/world/malala-yousafzai-marriage-announcement-twitter-human-rights-campaigner-1.6243231 |website=CBC News |publisher=Associated Press |access-date=9 November 2021 |date=9 November 2021 |archive-date=9 November 2021 |archive-url=https://web.archive.org/web/20211109224521/https://www.cbc.ca/news/world/malala-yousafzai-marriage-announcement-twitter-human-rights-campaigner-1.6243231 |url-status=live }}</ref>,,,,
Mother Teresa,{{birth date|df=yes|1910|8|26}},"[[Üsküp]], [[Kosovo vilayet]], [[Ottoman Empire]]",{{death date and age|df=yes|1997|9|5|1910|8|26}},"[[Calcutta]], [[West Bengal]], India","{{plainlist| * [[Ottoman Empire|Ottoman subject]] (1910–1912) * [[Kingdom of Serbia|Serbian subject]] (1912–1915) * [[Kingdom of Bulgaria|Bulgarian subject]] (1915–1918) * [[Kingdom of Yugoslavia|Yugoslavian subject]] (1918–1943) * [[Socialist Federal Republic of Yugoslavia|Yugoslavian citizen]] (1943–1948) * [[Dominion of India|British subject]] (1948–1950) * [[Indian nationality law|Indian citizen]]<ref name=""Cannon2013"" /> (1950–1997) * [[Albanian nationality law|Honorary Albanian citizen]]<ref>{{cite news |url=http://www.shqiptariiitalise.com/shqiperi-itali/shqiperi-itali/shqiperi-itali/kur-nene-tereza-vinte-ne-tirane2.html |language=sq |work=Shqiptari i Italisë |title=Kur Nënë Tereza vinte në Tiranë/2 |trans-title=When Mother Teresa came to Tirana/2 |date=2010-12-02 |access-date=4 September 2016 |archive-date=18 September 2016 |archive-url=https://web.archive.org/web/20160918175822/http://www.shqiptariiitalise.com/shqiperi-itali/shqiperi-itali/shqiperi-itali/kur-nene-tereza-vinte-ne-tirane2.html |url-status=dead}}</ref> (1991–1997) * {{avoid wrap|[[Honorary citizenship of the United States|Honorary American citizenship]] (awarded 1996)}} }}",,,,,,,,,,,,,,
Eleanor Roosevelt,{{birth date|1884|10|11}},"[[New York City]], U.S.",{{death date and age|1962|11|7|1884|10|11}},"New York City, U.S.",,,,,,,,,,,{{marriage|[[Franklin D. Roosevelt]]|1905|1945|end=died}},"6, including [[Anna Roosevelt Halsted|Anna]], [[James Roosevelt|James]], [[Elliott Roosevelt (general)|Elliott]], [[Franklin D. Roosevelt Jr.|Franklin Jr.]], and [[John Aspinwall Roosevelt|John]]",{{plainlist| * [[Elliott Roosevelt (socialite)|Elliott Roosevelt]] * [[Anna Hall Roosevelt|Anna Rebecca Hall]] }},,
The Baroness Thatcher,,,,,,,,,,,,,,,,,,,
Indira Gandhi,{{birth date|1917|11|19|df=yes}},"[[Prayagraj|Allahabad]], [[United Provinces of Agra and Oudh|Agra and Oudh]], India",{{death date and age|1984|10|31|1917|11|19|df=yes}},"New Delhi, India",,[[Politician]],,,[[Indira Gandhi#Awards and honours|See below]],,"[[Visva-Bharati University]] (dropped out)<ref name=""degree"" /> <br /> [[Somerville College, Oxford]] (dropped out)<ref name=""degree"" />",,,,{{marriage|[[Feroze Gandhi]]|26 March 1942|8 September 1960|reason=died}},{{ubl|[[Rajiv Gandhi]]|[[Sanjay Gandhi]]}},,,
Angela Merkel,,,,,,,,,,,,,,,,,,,
Homer,{{circa|8th century BC}},"possibly [[Ionia]]<ref name=""Britannica"">{{Cite encyclopedia |last=Kirk |first=Geoffrey S. |author-link=Geoffrey Kirk |title=Homer |url=https://www.britannica.com/biography/Homer-Greek-poet |encyclopedia=[[Encyclopædia Britannica]] |year=2025 |orig-year=1998}}</ref>",,[[Ios]]<ref name= Lefkowitz2013 />,,,,,,,,,{{Unbulleted list|''[[Iliad]]''|''[[Odyssey]]''}} }},,,,,,[[Epic poetry|Epic]]
Virgil,15 October 70 BC,"Andes, [[Cisalpine Gaul]], [[Roman Republic]]",21 September 19 BC (aged 50),"[[Brindisi|Brundisium]], [[Italy (Roman Empire)|Italy]], [[Roman Empire]]",,Poet,,,,,,,''[[Eclogues]]'' <br/> ''[[Georgics]]'' <br/> ''[[Aeneid]]'' }},,,,,,{{hlist|[[Epic poetry]]|[[didactic poetry]]|[[pastoral poetry]]}}
Dante Alighieri,"{{circa|May 1265|}}<ref name=""auto"">His birth date is listed as ""probably in the end of May"" by [[Robert Hollander]] in ""Dante"" in ''[[Dictionary of the Middle Ages]]'', volume &nbsp;4. According to [[Giovanni Boccaccio]], the poet said he was born in May. See ""Alighieri, Dante"" in the ''Dizionario Biografico degli Italiani''.</ref>","[[Florence]], [[Republic of Florence]]",{{death date|1321|09|14}}<br />(aged {{circa|56}}),"[[Ravenna]], [[Papal States]]",[[Florentine Republic|Florentine]],{{hlist|Statesman|poet|language theorist|[[political theory|political theorist]]}},,,,,,,,,[[Gemma Donati]],"4, including [[Jacopo Alighieri|Jacopo]]",{{ublist|[[Alighiero di Bellincione]] (father)|Bella (mother)}} }},,
Geoffrey Chaucer,{{c.|1343}},"[[London]], England","{{death date and age|df=y|1400|10|25|1343||}}<!--His monument states that he was in his 53rd year at death, i. e. 52-->","London, England",,{{hlist|Author|poet|philosopher|[[bureaucrat]]|diplomat}},from 1368,,,,,,,,{{marriage|[[Philippa Roet]]|1366}},"4, including [[Thomas Chaucer|Thomas]]",,,
Miguel de Cervantes,{{birth date|df=y|1547|9|29}},"[[Alcalá de Henares]], Spain","{{Death date and age|df=y|1616|4|22|1547|9|29}}<ref name= Engines>{{cite web |url=https://www.uh.edu/engines/epi2368.htm |work=Engines of Our Ingenuity |author=Armstrong, Richard |others=Lienhard, John (host, producer) |number=2368 |title=Time Out of Joint |via=UH.edu |access-date=9 December 2019}}</ref>","[[Madrid]], Spain",,"Soldier, [[Farm (revenue leasing)|tax collector]], accountant, purchasing agent for Navy<br />(writing was an [[avocation]] which did not produce much income)",,,,,,,,,Catalina de Salazar y Palacios }},Isabel {{circa|1584}} (illegitimate){{sfn|McCrory|2006|p=112}},,,
William Shakespeare,{{circa|{{birth date|df=yes|1564|04|23}}}},"[[Stratford-upon-Avon]], Warwickshire, England",{{death date and age|df=yes|1616|04|23|1564|04}},"Stratford-upon-Avon, Warwickshire, England",,{{hlist|Playwright|poet|actor}},,,,,,,,,{{marriage|[[Anne Hathaway (wife of Shakespeare)|Anne Hathaway]]|1582}},{{unbulleted list|[[Susanna Hall]]|[[Hamnet Shakespeare]]|[[Judith Quiney]]}},{{unbulleted list|[[John Shakespeare]]|[[Mary Shakespeare|Mary Arden]]}},,
Johann Sebastian Bach,21 March 1685 [[Old Style and New Style dates|(O.S.)]]<br />{{birth-date|31 March 1685}} [[Old Style and New Style dates|(N.S.)]],[[Eisenach]],"{{death date and age|1750|7|28|1685|3|31|df=y}} <!-- 31 March, new style date -->",[[Leipzig]],,,,,,,,,,,,,,,
Ludwig van Beethoven,,"[[Bonn]]<!--ATTENTION EDITORS, do NOT add anything here without finding consensus on the talk page. It is intentionally concise.-->",{{death date and age|1827|3|26|1770|12|17|df=y}},"[[Vienna]]<!--ATTENTION EDITORS, do NOT add anything here without finding consensus on the talk page. It is intentionally concise.-->",,{{hlist|Composer|pianist}},,,,,,,,,,,{{ubl|[[Johann van Beethoven]]|[[Maria Magdalena Keverich]]}},,
Wolfgang Amadeus Mozart,{{birth date|1756|1|27|df=y}},"[[Mozart's birthplace|Getreidegasse 9]], [[Salzburg]]",{{death date and age|1791|12|5|1756|1|27|df=y}},[[Vienna]],,,,,,,,,,,[[Constanze Mozart|Constanze Weber]],,{{ubl|[[Leopold Mozart]]|[[Anna Maria Mozart]]}},,
Franz Schubert,{{birth date|1797|1|31|df=y}},[[Vienna]],{{death date and age|1828|11|19|1797|1|31|df=y}},Vienna,,Composer,,,,,,,,,,,,,
Pyotr Ilyich Tchaikovsky,{{birth date|1840|05|07|df=y}},"[[Votkinsk]], Russia",{{death date and age|1893|11|06|1840|05|07|df=y}},"Saint Petersburg, Russia",,,,,,,,,,,,,,,
Igor Stravinsky,{{birth date|1882|6|17|df=y}},"[[Lomonosov, Russia|Oranienbaum]], Russia",{{death date and age|1971|4|6|1882|6|17|df=y}},"New York City, US",,{{hlist|Composer|conductor|pianist}},,,,,,,,,,"4, including [[Théodore Strawinsky|Théodore]] and [[Soulima Stravinsky|Soulima]]",,,
Johannes Brahms,{{birth date|1833|05|07|df=y}},,{{death date and age|1897|04|03|1833|05|07|df=y}},,,{{hlist|Composer|conductor|pianist}},,,,,,,,,,,,,
Richard Wagner,{{birth date|1813|05|22|df=y}},[[Leipzig]],{{death date and age|1883|02|13|1813|05|22|df=y}},[[Venice]],,,,,,,,,,,,,,,
Felix Mendelssohn,{{birth date|1809|02|03|df=y}},[[Hamburg]],{{death date and age|1847|11|04|1809|02|03|df=y}},[[Leipzig]],,{{hlist|Composer|pianist|organist|conductor}},,,,,,,,,,,,,
Sergei Rachmaninoff,{{OldStyleDate|1 April|1873|20 March}},"Semyonovo, [[Staraya Russa]], Russian Empire",{{death date and age|1943|3|28|1873|4|1|df=y}},"[[Beverly Hills, California]], U.S.",,,,,,,,,,,,,,,
Antonio Vivaldi,{{birth date|1678|03|04|df=y}},[[Venice]],{{death date and age|1741|07|28|1678|03|04|df=y}},[[Vienna]],,{{hlist|Composer|violinist|impresario|priest}},,,,,,,,,,,,,
Johann Strauss II,{{Birth date|1825|10|25|df=y}},"Vienna, Austrian Empire",{{Death date and age|1899|06|03|1825|10|25|df=y}},"Vienna, Austria-Hungary",,Composer,,,,,,,,,{{plainlist| * {{marriage|[[Henrietta Treffz]]|1862|1878|reason=died}} * {{marriage|Angelika Dittrich|1878|1882|reason=div}} * {{marriage|Adele Deutsch|1887}} }},,,,
Giacomo Puccini,{{Birth date|1858|12|22|df=y}},"[[Lucca]], [[Grand Duchy of Tuscany]]",{{death date and age|1924|11|29|1858|12|22|df=y}},"[[Brussels]], Belgium",,,,,,,,,,,{{marriage|Elvira Gemignani|1904}},,,,
Aaron Copland,{{Birth date|1900|11|14}},"New York City, U.S.",{{Death date and age|1990|12|2|1900|11|14}},"[[North Tarrytown, New York]], U.S.",,,,,,,,,,,,,,,
Duke Ellington,{{birth date|1899|4|29}},"[[Washington, D.C.]], U.S.",{{death date and age|1974|5|24|1899|4|29}},"[[New York City]], U.S.",,{{hlist|Pianist|composer|songwriter|bandleader|arranger|conductor|actor}},1914–1974,,,,,,,,,,,,{{Flatlist| * [[Jazz]] * [[Swing music|swing]]}}
Ella Fitzgerald,{{Birth date|1917|4|25}},"[[Newport News, Virginia]], U.S.",{{Death date and age|1996|6|15|1917|4|25}},"[[Beverly Hills, California]], U.S.",,{{hlist|Singer|songwriter|composer|bandleader}},1934–1993,,,,,,,,{{ubl,[[Ray Brown Jr.]],,,{{hlist
Louis Armstrong,{{birth date|1901|8|4}},"[[New Orleans]], Louisiana, U.S.",{{death date and age|1971|7|6|1901|8|4}},"New York City, U.S.",,{{hlist|Musician|singer}},1918–1971,,,,"Colored Waifs' Home for Boys, Fisk School for Boys",,,,{{Plainlist| * {{Marriage|Daisy Parker|1919|1923|end=divorced}} * {{Marriage|[[Lil Hardin Armstrong]]|1924|1938|end=divorced}} * {{Marriage|Alpha Smith|1938|1942|end=divorced}} * {{Marriage|Lucille Wilson|1942}}}},2,,,{{hlist|[[Dixieland]]|[[jazz]]|[[Swing music|swing]]|[[traditional pop]]}}
Billie Holiday,{{Birth date|1915|4|7}},"[[Philadelphia]], [[Pennsylvania]], U.S.",{{Death date and age|1959|7|17|1915|4|7}},"[[New York City]], U.S.",,,,,,,,,,,,,[[Clarence Holiday|Clarence Halliday]],,
Charlie Parker,{{birth date|1920|8|29}},"[[Kansas City, Kansas]], U.S.",{{death date and age|1955|3|12|1920|8|29}},"[[New York City]], U.S.",,{{flatlist| * Musician * composer}},1937–1955,,,,,,,,,,,,{{flatlist| * [[Jazz]] * [[bebop]]}}
John Coltrane,{{birth date|mf=yes|1926|9|23}},"[[Hamlet, North Carolina]], U.S.",{{death date and age|1967|7|17|1926|9|23}},"[[Huntington, New York]], U.S.",,,,,,,,,,,,,,,{{flatlist| * [[Jazz]] * [[hard bop]] * [[spiritual jazz]] * [[post-bop]] * [[modal jazz]] * [[avant-garde jazz]] * [[free jazz]] }}
Dmitri Shostakovich,{{Birth date|1906|09|25|df=y}},"[[Saint Petersburg]], Russia",{{Death date and age|1975|08|09|1906|12|25|df=y}},"[[Moscow]], Soviet Union",,{{hlist|Composer|pianist|teacher}},,,,,,,,,{{plainlist| *{{marriage|Nina Varzar|1932|1954|reason=died}} *{{marriage|Margarita Kainova|1956|1959|reason=divorced}} *{{marriage|Irina Supinskaya|1962}}}},{{hlist|[[Galina Shostakovich|Galina]]|[[Maxim Shostakovich|Maxim]]}},,,
Leonard Bernstein,{{birth date|1918|8|25}},"[[Lawrence, Massachusetts]], U.S.",{{death date and age|1990|10|14|1918|8|25}},"New York City, U.S.",,{{flatlist| * Conductor * composer * pianist * lecturer * author }},,,,,,,,,,,,,
Miles Davis,{{Birth date|1926|5|26}},"[[Alton, Illinois]], U.S.",{{nowrap|{{Death date and age|1991|9|28|1926|5|26}}}},"[[Santa Monica, California]], U.S.",,,,,,,[[Juilliard School]] (no degree),,,,,,,,"<!-- As per Template:Infobox musical artist#genre, ""Aim for generality (e.g. [[Hip hop music|Hip hop]] rather than [[East Coast hip hop]])"" --> {{flatlist| * [[Jazz]] * [[bebob]] * [[modal jazz]] * [[Classical music|classical]] ([[third stream]]) * [[jazz fusion]] * [[Rock music|rock]] * [[funk]] }}"
Thelonious Monk,{{Birth date|1917|10|10}},"[[Rocky Mount, North Carolina]], U.S.",{{death date and age|1982|2|17|1917|10|10}},"[[Englewood, New Jersey]], U.S.",,{{hlist|Pianist|composer}},"1933–1976<ref>Kelley, Robin (2009), pp. 35, 442.</ref>",,,,,,,,,,,,{{hlist|[[Jazz]]|[[bebop]]}}
Charles Mingus,{{birth date|1922|4|22}},"[[Nogales, Arizona]], U.S.",{{death date and age|1979|1|5|1922|4|22}},"[[Cuernavaca]], Mexico",,{{hlist|Musician|composer|bandleader}},1943–1979,,,,,,,,,,,,{{hlist|[[Jazz]]|[[hard bop]]|[[bebop]]|[[avant-garde jazz]]|[[post-bop]]|[[third stream]]|[[orchestral jazz]]}}
Art Tatum,{{birth date|1909|10|13|mf=y}},"[[Toledo, Ohio|Toledo]], Ohio, U.S.",{{death date and age|1956|11|5|1909|10|13|mf=y}},"Los Angeles, California, U.S.",,Musician,Mid-1920s–1956,,,,,,,,,,,,"[[Jazz]], [[Stride (music)|stride]]"
Count Basie,{{birth date|mf=y|1904|8|21}},"[[Red Bank, New Jersey]], U.S.",{{death date and age|mf=y|1984|4|26|1904|8|21}},"[[Hollywood, Florida]], U.S.",,{{flatlist| *Musician *bandleader *composer}},1924–1984,,,,,,,,,,,,{{flatlist| *[[Jazz]] *[[swing music|swing]] *[[big band]] *[[piano blues]]}}
Herbie Hancock,{{birth date and age|1940|4|12}},"[[Chicago|Chicago, Illinois]], U.S.",,,,{{hlist|Musician|composer|bandleader|record producer|actor}},1961–present,,,,[[Grinnell College]]<br />[[Roosevelt University]]<br />[[Manhattan School of Music]],,,,"{{marriage|Gigi Meixner|1968}}<ref name=""marriage"">{{Cite web |url=https://www.publishersweekly.com/pw/by-topic/authors/profiles/article/64364-a-literary-maiden-voyage-herbie-hancock.html |title=A Literary Maiden Voyage: Herbie Hancock|first=Eugene |last=Holley Jr.|website=[[Publishers Weekly]] |date=October 10, 2014 |access-date=June 24, 2020 |archive-date=November 16, 2020 |archive-url=https://web.archive.org/web/20201116192053/https://www.publishersweekly.com/pw/by-topic/authors/profiles/article/64364-a-literary-maiden-voyage-herbie-hancock.html |url-status=live }}</ref> {{Infobox person",1}} }},,,{{Hlist|[[Jazz music|Jazz]]|[[post-bop]]|[[modal jazz]]|[[jazz fusion]]|[[jazz-funk]]|[[avant-garde jazz]]|[[Electro (music)|electro]]}}
Wynton Marsalis,{{birth date and age|1961|10|18}},"[[New Orleans]], [[Louisiana]], U.S.",,,,{{hlist|Musician|composer|educator|artistic director}},1980–present,,,,,,,,{{marriage|[[Nicola Benedetti]]|2024}},,,,{{hlist|[[Jazz]]|[[post-bop]]|[[mainstream jazz|mainstream]]|[[Dixieland jazz|dixieland]]|[[Classical music|classical]]}}
Dizzy Gillespie,{{Birth date|1917|10|21}},"[[Cheraw, South Carolina]], U.S.",{{death date and age|1993|1|6|1917|10|21}},"[[Englewood, New Jersey]], U.S.",,,,,,,,,,,"{{marriage|Lorraine Willis|May 9, 1940}} (died 2004)","[[Jeanie Bryson]]<ref>{{cite web |last1=Dollar |first1=Steve |title=When His Music Stopped, Their Work Began |url=https://www.wsj.com/articles/SB10001424052748703453804575479791556814962 |website=The Wall Street Journal |date=September 9, 2010}}</ref> }}",,,
Benny Goodman,{{birth date|1909|5|30}},"[[Chicago]], Illinois, U.S.",{{death date and age|1986|6|13|1909|5|30}},"[[New York City]], U.S.",,,,,,,,,,,,,,,{{flatlist| * [[Jazz]] * [[Swing music|swing]] }}
Glenn Miller,{{Birth date|1904|3|1}},"[[Clarinda, Iowa]], U.S.",,,,{{hlist|Bandleader|musician|arranger|composer}},1923–1944,,,,,,,,{{marriage|Helen Burger|1928}},2,,,{{hlist|[[Swing music]]|[[big band]]}}
George Gershwin,{{birth date|1898|9|26}},"New York City, U.S.",{{death date and age|1937|7|11|1898|9|26}},"Los Angeles, California",,{{hlist|Composer|pianist}},1916–1937,,,,,,,,,,,,
Irving Berlin,,,,,,,1907–1971,,,,,,,,,,,,{{hlist|Popular songs|[[ragtime]]|[[Broadway theatre|Broadway]] musicals|[[show tune]]s}} }}
Stephen Foster,{{birth date|1826|7|4}},"[[Lawrenceville (Pittsburgh)|Lawrenceville]], [[Pennsylvania]], U.S.",{{death date and age|1864|1|13|1826|7|4}},"[[New York City]], U.S.",,"{{hlist|Composer|lyricist|poet<ref name = pgpress1900>{{cite news |title= Stephen C. Foster As Man and Musician, The Life Story of the Sweet Singer of {{not a typo|Pittsburg}} Told by His Contemporaries and Comrades | newspaper = [[The Pittsburg Press]]| date= September 12, 1900 | url= https://www.newspapers.com/clip/9992200/profile_of_songwriter_stephen_c_foster/ |via= Newspapers.com}} {{Open access}}</ref>}}",1844–1864,"First American full-time songwriter<ref>{{citation |last= Marks |first= Rusty |title= On Television: Stephen Foster: Quintessential songwriter lived in music, died in ruin |work= Sunday Gazette-Mail |publisher= Gazette Daily Inc. via [[HighBeam Research]] |access-date= April 25, 2012 |date= April 22, 2001 |url= http://www.highbeam.com/doc/1P2-18995067.html |archive-url= https://web.archive.org/web/20131011162941/http://www.highbeam.com/doc/1P2-18995067.html |url-status= dead |archive-date= October 11, 2013 |quote= The song, written in 1847, soon spread throughout the country. Foster decided to become a full-time songwriter, a vocation no one had bothered to pursue until then.}}</ref><ref>{{citation |date= October 16, 2010 |access-date= April 25, 2012 |url= http://www.highbeam.com/doc/1P3-2164359961.html |archive-url= https://web.archive.org/web/20131011162711/http://www.highbeam.com/doc/1P3-2164359961.html |url-status= dead |archive-date= October 11, 2013 |title= Pittsburgh Native Son and Songwriter Stephen Foster to be Inducted into Nashville Songwriters Hall of Fame Oct. 17. |publisher= US Fed News Service, Including US State News. The Associated Newspapers of Ceylon Ltd. via [[HighBeam Research]]}}</ref>",,,,,"""[[Beautiful Dreamer]]""<br />""[[Camptown Races]]""<br />""[[Hard Times Come Again No More]]""<br />""[[My Old Kentucky Home]]""<br />""[[Oh! Susanna]]""<br />""[[Old Black Joe]]""<br />""[[Old Folks at Home]]”<br />''[[List of songs written by Stephen Foster|among others...]]''",,{{marriage|[[Jane McDowell Foster Wiley]]|1850}},[[Marion Foster Welch|Marion]],,,
Scott Joplin,{{birth date|1868|11|24}} <!-- Please post on the talk page before changing this. There is some uncertainty about the date. See the rest of the article. -->,"[[Texarkana, Texas]] or [[Linden, Texas]], US (disputed)",{{Death date and age|1917|4|1|1868|11|24}},"New York City, US",,{{hlist|Composer|pianist|music teacher}},,,,,[[George R. Smith College]],,,,{{plainlist| * {{marriage|Belle Jones|1899|1903|end=div}} * {{marriage|Freddie Alexander|1904|1904|end=died}} * {{marriage|Lottie Stokes|1909}} (1877–1954) }},,,,
John Cage,{{Birth date|1912|09|05}},"Los Angeles, California, U.S.",{{Death date and age|1992|8|12|1912|09|05}},"New York City, U.S.<!-- Only cities per template instructions -->",,{{hlist|Composer|[[music theorist]]|artist|philosopher}},,,,[[Pomona College]],,,,,{{Marriage|[[Xenia Cage|Xenia Andreyevna Kashevaroff]]|1935|1945|end=div}},,,,
Philip Glass,{{birth date and age|1937|01|31}},"[[Baltimore]], [[Maryland]], U.S.",,,,Composer,,[[Minimal music]],,,,,,,,,,,
Arvo Pärt,{{Birth date and age|1935|09|11|df=y}},"[[Paide]], Järva County, Estonia",,,,Composer,,,{{plainlist| * [[List of members of the American Academy of Arts and Letters Department of Music#P|American Academy of Arts and Letters]] * [[Order of the National Coat of Arms]] * [[Brückepreis]] * [[Léonie Sonning Music Prize]] * [[Légion d'honneur]] }},[[Estonian Academy of Music and Theatre]],,,,,Nora Pärt,,,,
Kaija Saariaho,{{Birth date|df=yes|1952|10|14}},"[[Helsinki]], Finland",{{Death date and age|df=yes|2023|06|02|1952|10|14}},"Paris, France",,,,,,,,,,,"{{marriage|{{ill|Jean-Baptiste Barrière (born 1958)|de|Jean-Baptiste Barrière (Komponist, 1958)|fr|Jean-Baptiste Barrière (1958-)|lt=Jean-Baptiste Barrière}}|1984}}","2, incl. {{ill|Aleksi Barrière|fi}}",,,
Olga Neuwirth,{{birth date and age|1968|08|04|df=y}},"[[Graz]], Austria",,,,{{plainlist| * Composer }},,,,,,,,,,,,,
Tania León,{{birth date and age|1943|05|14}},"Havana, Cuba",,,Cuban-American,Composer / conductor,,,2021 [[Pulitzer Prize for Music]]<br />New York Governor's Lifetime Achievement Award<br/>2022 Kennedy Center Honoree,,,,,,,,,,
Julia Wolfe,{{Birth date and age|1958|12|18}},"[[Philadelphia]], [[Pennsylvania]], U.S.",<!-- {{Death date and age|YYYY|MM|DD|YYYY|MM|DD}} (death date then birth) -->,,American,"Composer, Professor of Music",,,,{{Unbulleted list|[[University of Michigan]]|[[Yale University]]|[[Princeton University]]}},,,,,{{marriage|[[Michael Gordon (composer)|Michael Gordon ]]|1984}},2,,,
Florence Price,{{birth date|1887|4|9}},"[[Little Rock, Arkansas]], U.S.",{{death date and age|1953|6|3|1887|4|9}},"[[Chicago, Illinois]], U.S.",,{{hlist|[[Musical composer]]|[[pianist]]|[[organist]]|[[Music education|music teacher]]}},1899–1952,,,,,,,,{{Plainlist| * {{marriage|Thomas J. Price|1912|1931|reason=divorced}}<ref name=FP/> * {{marriage|Pusey Dell Arnett|1931|1934|reason=separated}} }},3,,,
Clara Schumann,{{birth date|df=y|1819|09|13}},"[[Leipzig]], Kingdom of Saxony, German Confederation",{{death date and age|df=y|1896|05|20|1819|09|13}},"[[Frankfurt]], German Empire",,{{plainlist| * Pianist * Composer * Piano teacher }},,,,,,,,,,,,,
Ethel Smyth,{{birth date|1858|4|22|df=y}},"[[London]], England",{{death date and age|1944|5|8|1858|4|22|df=y}},"[[Woking]], England",,Composer and suffragette,,,,,[[Leipzig Conservatory]],,,,}},,,,
Amy Beach,{{birth date |1867|09|05}},"[[Henniker, New Hampshire]], U.S.",{{death date and age |1944|12|27|1867|09|05}},"New York City, U.S.",,{{hlist|Composer|pianist}},1883–1940,,,,,,,,{{marriage|H. H. A. Beach|1885|1910|end = died}},,,,
Lili Boulanger,21 August 1893,"[[9th arrondissement of Paris]], France",{{death date and age|1918|3|15|1893|8|21|df=y}},"[[Mézy-sur-Seine]], Yvelines, France",,Composer,,,,[[Conservatoire de Paris]],,,,,,,,,
Germaine Tailleferre,{{Birth date|1892|04|19|df=y}},"[[Saint-Maur-des-Fossés]], Val-de-Marne, France",{{Death date and age|1983|11|07|1892|04|19|df=y}},"Paris, France",,,,"<!-- For pre-modern subjects, can be used as an alternative to the anachronistic ""occupation""; not used for works (see next parameter). -->",,,,,,,{{plainlist| * {{marriage|[[Ralph Barton]]|1926|1927|end=divorce}} * {{marriage|Jean Lageat|1932|1955|end=divorce}} }},,,,
Nadia Boulanger,{{birth date|1887|09|16|df=y}},"Paris, France",{{death date and age|1979|10|22|1887|09|16|df=y}},"Paris, France",,{{hlist|Music teacher|conductor|composer}} }},,,,,,,,,,,,,
Cécile Chaminade,{{birth date|1857|8|8|df=y}},"Paris, France",{{death date and age|1944|4|13|1857|08|08|df=y}},[[Monte Carlo]],,,,,,,,,,,,,,,
Pauline Viardot,{{birth date|1821|07|18|df=y}},"Paris, France",{{death date and age|1910|05|18|1821|07|18|df=y}},"Paris, France",,{{hlist|Operatic [[dramatic mezzo-soprano]]|music pedagogue|composer}},,,,,,,,,,,,,
Teresa Carreño,{{birth date|1853|12|22|mf=y}},"[[Caracas]], Venezuela",{{death date and age|1917|6|12|1853|12|22|mf=y}},"New York City, US",,{{cslist|Pianist|soprano|composer|conductor}},,,,,,,,,{{ubl|{{marriage|[[Émile Sauret]]|1873|1877}}|Giovanni Tagliapietra (dom. part. 1877–1889)|{{marriage|[[Eugen d'Albert]]|1892|1895}}|{{marriage|Arturo Tagliapietra|1902<!-- |1917 -->}}}},{{cslist|Emilita (1874–1978)|Luisa (1878–1881)|Teresita (1882–1951)|Giovanni (1885–1965)|Eugenia (1892–1950)|Hertha (1894–1974)}} }},,,
Margaret Bonds,{{birth date|1913|03|03}},"[[Chicago]], Illinois, US",{{death date and age|1972|04|26|1913|03|03}},"[[Los Angeles]], California, US",,"Composer, pianist",,,,,,,,,{{Marriage|Lawrence Richardson|1940}},,,,
Undine Smith Moore,{{birth date|1904|08|25}},,{{death date and age|1989|02|06|1904|08|25}},,,"Composer, educator",,,,,"[[Fisk University]], [[Columbia University]]",Virginia State University,,,James Arthur Moore (m. 1938),1 }},,,
William Grant Still,{{birth date|1895|5|11}},"[[Woodville, Mississippi]], U.S.",{{death date and age|1978|12|3|1895|5|11}},"Los Angeles, California, U.S.",,{{hlist|Composer|conductor}},,,,,{{ubl|[[M.&nbsp;W. Gibbs High School]]|[[Wilberforce University]]|[[Oberlin Conservatory of Music]]}},,,,"{{ubl|{{Marriage|Grace Bundy|October 4, 1915|February 6, 1939|end=div}}|{{Marriage|[[Verna Arvey]]|February 8, 1939}}}}",6,,,
Scott Joplin,{{birth date|1868|11|24}} <!-- Please post on the talk page before changing this. There is some uncertainty about the date. See the rest of the article. -->,"[[Texarkana, Texas]] or [[Linden, Texas]], US (disputed)",{{Death date and age|1917|4|1|1868|11|24}},"New York City, US",,{{hlist|Composer|pianist|music teacher}},,,,,[[George R. Smith College]],,,,{{plainlist| * {{marriage|Belle Jones|1899|1903|end=div}} * {{marriage|Freddie Alexander|1904|1904|end=died}} * {{marriage|Lottie Stokes|1909}} (1877–1954) }},,,,
James P. Johnson,{{birth date|1894|2|1}},"[[New Brunswick, New Jersey]], U.S.",{{death date and age|1955|11|17|1894|2|1}},"[[Jamaica, Queens]], [[New York City]], U.S.",,"Composer, musician",1912–1955,,,,,,,,,,,,[[Jazz]]
Jelly Roll Morton,"c. {{birth date|1890|09|20}}<ref>[http://www.doctorjazz.co.uk/bapcert.jpg Other dates of birth attributed to Morton include October 20, 1890] {{Webarchive|url=https://web.archive.org/web/20101121171548/http://doctorjazz.co.uk/bapcert.jpg |date=November 21, 2010 }} and [http://www.doctorjazz.co.uk/draftcards1.html September 13, 1884, the latter of which Morton gave on his WWI draft registration, making him six years older than he is believed to have actually been.] {{Webarchive|url=https://web.archive.org/web/20210210213602/http://www.doctorjazz.co.uk/draftcards1.html |date=February 10, 2021 }}</ref>","{{nowrap|[[New Orleans, Louisiana]], U.S.}}",{{death date and age|1941|07|10|1890|09|20}},"[[Los Angeles, California]], U.S.",,{{hlist|Musician|composer|arranger}},1904–1941,,,,,,,,,,,,"{{hlist|[[Jazz]]|[[ragtime]]|[[blues]]<ref>{{cite web|url=https://www.houstonpress.com/music/things-to-do-read-jelly-roll-blues-by-elijah-wald-17680320|title=The ""Original"" Jelly Roll and the Dirty Early Blues|author=Ruggiero, Bob|date=March 19, 2024|publisher=Houston Press|access-date=January 14, 2025}}</ref>|[[Dixieland jazz|Dixieland]]<ref>{{cite web | url=https://www.jazzhistorytree.com/new-orleans-dixieland-revival/ | title=New Orleans/Dixieland Revival: 1947 – Jazz History Tree }}</ref>}}"
Fats Waller,{{Birth date|1904|5|21}},"New York City, U.S.",{{death date and age|1943|12|15|1904|5|21}},"[[Kansas City, Missouri]], U.S.",,{{hlist|[[Jazz pianist]]|[[organist]]|composer|singer}},1918–1943,,,,,,,,{{ubl|{{Marriage|Edith Hatch|1920|1923|end=div}}|{{Marriage|Anita Rutherford|1926}}}},3,,,
Duke Ellington,{{birth date|1899|4|29}},"[[Washington, D.C.]], U.S.",{{death date and age|1974|5|24|1899|4|29}},"[[New York City]], U.S.",,{{hlist|Pianist|composer|songwriter|bandleader|arranger|conductor|actor}},1914–1974,,,,,,,,,,,,{{Flatlist| * [[Jazz]] * [[Swing music|swing]]}}
Count Basie,{{birth date|mf=y|1904|8|21}},"[[Red Bank, New Jersey]], U.S.",{{death date and age|mf=y|1984|4|26|1904|8|21}},"[[Hollywood, Florida]], U.S.",,{{flatlist| *Musician *bandleader *composer}},1924–1984,,,,,,,,,,,,{{flatlist| *[[Jazz]] *[[swing music|swing]] *[[big band]] *[[piano blues]]}}
Benny Goodman,{{birth date|1909|5|30}},"[[Chicago]], Illinois, U.S.",{{death date and age|1986|6|13|1909|5|30}},"[[New York City]], U.S.",,,,,,,,,,,,,,,{{flatlist| * [[Jazz]] * [[Swing music|swing]] }}
Glenn Miller,{{Birth date|1904|3|1}},"[[Clarinda, Iowa]], U.S.",,,,{{hlist|Bandleader|musician|arranger|composer}},1923–1944,,,,,,,,{{marriage|Helen Burger|1928}},2,,,{{hlist|[[Swing music]]|[[big band]]}}
Charlie Parker,{{birth date|1920|8|29}},"[[Kansas City, Kansas]], U.S.",{{death date and age|1955|3|12|1920|8|29}},"[[New York City]], U.S.",,{{flatlist| * Musician * composer}},1937–1955,,,,,,,,,,,,{{flatlist| * [[Jazz]] * [[bebop]]}}
Dizzy Gillespie,{{Birth date|1917|10|21}},"[[Cheraw, South Carolina]], U.S.",{{death date and age|1993|1|6|1917|10|21}},"[[Englewood, New Jersey]], U.S.",,,,,,,,,,,"{{marriage|Lorraine Willis|May 9, 1940}} (died 2004)","[[Jeanie Bryson]]<ref>{{cite web |last1=Dollar |first1=Steve |title=When His Music Stopped, Their Work Began |url=https://www.wsj.com/articles/SB10001424052748703453804575479791556814962 |website=The Wall Street Journal |date=September 9, 2010}}</ref> }}",,,
Thelonious Monk,{{Birth date|1917|10|10}},"[[Rocky Mount, North Carolina]], U.S.",{{death date and age|1982|2|17|1917|10|10}},"[[Englewood, New Jersey]], U.S.",,{{hlist|Pianist|composer}},"1933–1976<ref>Kelley, Robin (2009), pp. 35, 442.</ref>",,,,,,,,,,,,{{hlist|[[Jazz]]|[[bebop]]}}
Miles Davis,{{Birth date|1926|5|26}},"[[Alton, Illinois]], U.S.",{{nowrap|{{Death date and age|1991|9|28|1926|5|26}}}},"[[Santa Monica, California]], U.S.",,,,,,,[[Juilliard School]] (no degree),,,,,,,,"<!-- As per Template:Infobox musical artist#genre, ""Aim for generality (e.g. [[Hip hop music|Hip hop]] rather than [[East Coast hip hop]])"" --> {{flatlist| * [[Jazz]] * [[bebob]] * [[modal jazz]] * [[Classical music|classical]] ([[third stream]]) * [[jazz fusion]] * [[Rock music|rock]] * [[funk]] }}"
John Coltrane,{{birth date|mf=yes|1926|9|23}},"[[Hamlet, North Carolina]], U.S.",{{death date and age|1967|7|17|1926|9|23}},"[[Huntington, New York]], U.S.",,,,,,,,,,,,,,,{{flatlist| * [[Jazz]] * [[hard bop]] * [[spiritual jazz]] * [[post-bop]] * [[modal jazz]] * [[avant-garde jazz]] * [[free jazz]] }}
Ornette Coleman,{{birth date|1930|3|9}},"[[Fort Worth, Texas]], U.S.",{{death date and age|2015|6|11|1930|3|9|mf=y}},"[[Manhattan]], [[New York City]], U.S.",,,,,,,,,,,,,,,{{flatlist| * [[Avant-garde jazz]] * [[free jazz]] * [[free funk]] * [[jazz fusion]] * [[third stream]] }}
Charles Mingus,{{birth date|1922|4|22}},"[[Nogales, Arizona]], U.S.",{{death date and age|1979|1|5|1922|4|22}},"[[Cuernavaca]], Mexico",,{{hlist|Musician|composer|bandleader}},1943–1979,,,,,,,,,,,,{{hlist|[[Jazz]]|[[hard bop]]|[[bebop]]|[[avant-garde jazz]]|[[post-bop]]|[[third stream]]|[[orchestral jazz]]}}
Art Blakey,{{Birth date|1919|10|11}},"[[Pittsburgh]], Pennsylvania, U.S.",{{Death date and age|1990|10|16|1919|10|11}},"[[Manhattan]], [[New York City]], U.S.",,{{hlist|Musician|bandleader}},1942–1990,,,,,,,,,,,,{{hlist|[[Jazz]]|[[hard bop]]|[[bebop]]|[[straight-ahead jazz]]}}
Herbie Hancock,{{birth date and age|1940|4|12}},"[[Chicago|Chicago, Illinois]], U.S.",,,,{{hlist|Musician|composer|bandleader|record producer|actor}},1961–present,,,,[[Grinnell College]]<br />[[Roosevelt University]]<br />[[Manhattan School of Music]],,,,"{{marriage|Gigi Meixner|1968}}<ref name=""marriage"">{{Cite web |url=https://www.publishersweekly.com/pw/by-topic/authors/profiles/article/64364-a-literary-maiden-voyage-herbie-hancock.html |title=A Literary Maiden Voyage: Herbie Hancock|first=Eugene |last=Holley Jr.|website=[[Publishers Weekly]] |date=October 10, 2014 |access-date=June 24, 2020 |archive-date=November 16, 2020 |archive-url=https://web.archive.org/web/20201116192053/https://www.publishersweekly.com/pw/by-topic/authors/profiles/article/64364-a-literary-maiden-voyage-herbie-hancock.html |url-status=live }}</ref> {{Infobox person",1}} }},,,{{Hlist|[[Jazz music|Jazz]]|[[post-bop]]|[[modal jazz]]|[[jazz fusion]]|[[jazz-funk]]|[[avant-garde jazz]]|[[Electro (music)|electro]]}}
Wayne Shorter,{{birth date|1933|08|25}},"[[Newark, New Jersey]], U.S.",{{death date and age|2023|3|02|1933|8|25}},"Los Angeles, California, U.S.",,{{hlist|Musician|composer}},1958–2021,,,,[[New York University]],,,,,,,,{{hlist|[[Modal jazz]]|[[crossover jazz]]|[[post-bop]]|[[hard bop]]|[[jazz fusion]]|[[third stream]]}}
Chick Corea,{{Birth date|1941|6|12}},"{{nowrap|[[Chelsea, Massachusetts]], U.S.}}",{{death date and age|2021|2|09|1941|6|12}},"[[Tampa, Florida]], U.S.",,,,,,,,,,,,,,,
Keith Jarrett,{{birth date and age|1945|5|8}},"[[Allentown, Pennsylvania]], U.S.",,,,"Musician, composer",1966–2018,,,,,,,,,,,,"[[Jazz]], [[classical music|classical]], [[jazz fusion]], [[free improvisation]]"
Pat Metheny,{{birth date and age|1954|8|12}},"[[Lee's Summit, Missouri|Lee's Summit]], Missouri, U.S.",,,,,,,,,,,,,,,,,{{flatlist| *[[Jazz]] *[[jazz fusion]] *[[Latin jazz]] *[[progressive jazz]] }}
Esperanza Spalding,{{Birth date and age|1984|10|18}},"[[Portland, Oregon]], U.S.",,,,{{hlist|Musician|composer|educator|bandleader}},"2000–present<ref>{{cite web |url=http://www.berklee.edu/opi/2003/0714.html |title=Press Release: Jazz at the Fort |last=Balkin |first=Nicholas |date=July 14, 2003 |work=[[Berklee College of Music]] |archive-url=https://web.archive.org/web/20030802084556/http://www.berklee.edu/opi/2003/0714.html |archive-date=August 2, 2003 |url-status=dead}}</ref>",,,,,,,,,,,,{{hlist|[[Jazz]]|[[jazz fusion]]|[[bossa nova]]|[[Latin jazz]]|[[neo soul]]|[[Contemporary R&B|R&B]]|[[third stream]]}}
Kamasi Washington,{{Birth date and age|1981|2|18|mf=y}},"[[Los Angeles, California]], U.S.",,,,Musician,2000–present,,,,,,,,,,,,[[Jazz]]
Snarky Puppy,,,,,,,2004–present,,,,,,,,,,,,"[[Jazz]], [[funk]], [[jazz fusion|fusion]], [[pop music|pop]], [[rock music|rock]], [[world music|world]]"
Esperanza Spalding,{{Birth date and age|1984|10|18}},"[[Portland, Oregon]], U.S.",,,,{{hlist|Musician|composer|educator|bandleader}},"2000–present<ref>{{cite web |url=http://www.berklee.edu/opi/2003/0714.html |title=Press Release: Jazz at the Fort |last=Balkin |first=Nicholas |date=July 14, 2003 |work=[[Berklee College of Music]] |archive-url=https://web.archive.org/web/20030802084556/http://www.berklee.edu/opi/2003/0714.html |archive-date=August 2, 2003 |url-status=dead}}</ref>",,,,,,,,,,,,{{hlist|[[Jazz]]|[[jazz fusion]]|[[bossa nova]]|[[Latin jazz]]|[[neo soul]]|[[Contemporary R&B|R&B]]|[[third stream]]}}
Esperanza Spalding,{{Birth date and age|1984|10|18}},"[[Portland, Oregon]], U.S.",,,,{{hlist|Musician|composer|educator|bandleader}},"2000–present<ref>{{cite web |url=http://www.berklee.edu/opi/2003/0714.html |title=Press Release: Jazz at the Fort |last=Balkin |first=Nicholas |date=July 14, 2003 |work=[[Berklee College of Music]] |archive-url=https://web.archive.org/web/20030802084556/http://www.berklee.edu/opi/2003/0714.html |archive-date=August 2, 2003 |url-status=dead}}</ref>",,,,,,,,,,,,{{hlist|[[Jazz]]|[[jazz fusion]]|[[bossa nova]]|[[Latin jazz]]|[[neo soul]]|[[Contemporary R&B|R&B]]|[[third stream]]}}
Esperanza Spalding,{{Birth date and age|1984|10|18}},"[[Portland, Oregon]], U.S.",,,,{{hlist|Musician|composer|educator|bandleader}},"2000–present<ref>{{cite web |url=http://www.berklee.edu/opi/2003/0714.html |title=Press Release: Jazz at the Fort |last=Balkin |first=Nicholas |date=July 14, 2003 |work=[[Berklee College of Music]] |archive-url=https://web.archive.org/web/20030802084556/http://www.berklee.edu/opi/2003/0714.html |archive-date=August 2, 2003 |url-status=dead}}</ref>",,,,,,,,,,,,{{hlist|[[Jazz]]|[[jazz fusion]]|[[bossa nova]]|[[Latin jazz]]|[[neo soul]]|[[Contemporary R&B|R&B]]|[[third stream]]}}
Esperanza Spalding,{{Birth date and age|1984|10|18}},"[[Portland, Oregon]], U.S.",,,,{{hlist|Musician|composer|educator|bandleader}},"2000–present<ref>{{cite web |url=http://www.berklee.edu/opi/2003/0714.html |title=Press Release: Jazz at the Fort |last=Balkin |first=Nicholas |date=July 14, 2003 |work=[[Berklee College of Music]] |archive-url=https://web.archive.org/web/20030802084556/http://www.berklee.edu/opi/2003/0714.html |archive-date=August 2, 2003 |url-status=dead}}</ref>",,,,,,,,,,,,{{hlist|[[Jazz]]|[[jazz fusion]]|[[bossa nova]]|[[Latin jazz]]|[[neo soul]]|[[Contemporary R&B|R&B]]|[[third stream]]}}
Esperanza Spalding,{{Birth date and age|1984|10|18}},"[[Portland, Oregon]], U.S.",,,,{{hlist|Musician|composer|educator|bandleader}},"2000–present<ref>{{cite web |url=http://www.berklee.edu/opi/2003/0714.html |title=Press Release: Jazz at the Fort |last=Balkin |first=Nicholas |date=July 14, 2003 |work=[[Berklee College of Music]] |archive-url=https://web.archive.org/web/20030802084556/http://www.berklee.edu/opi/2003/0714.html |archive-date=August 2, 2003 |url-status=dead}}</ref>",,,,,,,,,,,,{{hlist|[[Jazz]]|[[jazz fusion]]|[[bossa nova]]|[[Latin jazz]]|[[neo soul]]|[[Contemporary R&B|R&B]]|[[third stream]]}}
